{"train_losses": [0.008192092180252075, 0.011405466124415398, 0.00766386603936553, 0.007396549452096224, 0.007545177824795246, 0.007706314325332642, 0.00634919386357069, 0.0057302177883684635, 0.00525775458663702], "val_losses": [9.563371658325195, 9.517997741699219, 9.660234451293945, 9.66313362121582, 9.647233009338379, 9.703996658325195, 9.707755088806152, 9.754739761352539, 9.787176132202148], "batch_size": 32, "max_epochs": 3, "max_iters": 1000, "eval_iters": 100, "eval_interval": 100, "learning_rate": 0.0001, "grad_accum_steps": 4, "weight_decay": 0.01}