{"train_losses": [11.048314094543457, 7.711977958679199], "val_losses": [11.046920776367188, 7.680513858795166], "grad_norms": [0.7615673542022705, 0.12933175265789032], "batch_size": 64, "max_epochs": 20, "max_iters": 1000, "eval_iters": 100, "eval_interval": 100, "learning_rate": 0.001, "grad_accum_steps": 4, "weight_decay": 0.01}