{"train_losses": [10.989334106445312, 8.627006530761719, 8.615118026733398, 8.626938819885254, 8.62454605102539, 8.616598129272461, 8.615561485290527, 8.625320434570312, 8.620238304138184, 8.6362886428833, 8.621027946472168, 8.622771263122559, 8.626198768615723, 8.626361846923828, 8.624220848083496, 8.627403259277344, 8.631112098693848, 8.628097534179688, 8.616521835327148, 8.618613243103027, 8.614416122436523, 8.625625610351562, 8.620955467224121, 8.624279975891113, 8.630308151245117, 8.62465763092041, 8.624857902526855, 8.625096321105957, 8.627655982971191, 8.62271785736084, 8.619718551635742, 8.630104064941406, 8.62891960144043], "val_losses": [10.985891342163086, 8.65817928314209, 8.641496658325195, 8.655814170837402, 8.660722732543945, 8.662116050720215, 8.654241561889648, 8.653103828430176, 8.651351928710938, 8.655471801757812, 8.64935302734375, 8.653618812561035, 8.644164085388184, 8.652013778686523, 8.643844604492188, 8.65178394317627, 8.646942138671875, 8.652761459350586, 8.654828071594238, 8.656209945678711, 8.65502643585205, 8.650774002075195, 8.657814979553223, 8.650328636169434, 8.65750503540039, 8.652071952819824, 8.653717041015625, 8.652127265930176, 8.65376091003418, 8.654952049255371, 8.651756286621094, 8.648680686950684, 8.648123741149902], "grad_norms": [15594.748046875, 16606.4921875, 15646.89453125], "batch_size": 32, "max_epochs": 20, "max_iters": 1000, "eval_iters": 100, "eval_interval": 100, "learning_rate": 0.001, "grad_accum_steps": 4, "weight_decay": 0.01}