{"train_losses": [11.001112937927246, 6.232779502868652, 3.2133195400238037, 0.9718784689903259, 0.18639011681079865, 0.06562251597642899, 0.03835708647966385, 0.026835033670067787, 0.020544257014989853, 0.016627786681056023, 0.013981668278574944, 0.03675248101353645, 0.016929952427744865, 0.013084379024803638, 0.01104736514389515, 0.009728671051561832, 0.008788770996034145, 0.00807811226695776, 0.007518356665968895, 0.007063602097332478, 0.006686392705887556, 0.006851139944046736, 0.006154538132250309, 0.005816688295453787, 0.005582595709711313, 0.005390814505517483, 0.00522697065025568, 0.00508339237421751, 0.004955687094479799, 0.0048409136943519115], "val_losses": [11.012809753417969, 8.139034271240234, 8.257987976074219, 8.653078079223633, 9.127766609191895, 9.39048957824707, 9.54008960723877, 9.650396347045898, 9.74048900604248, 9.817784309387207, 9.886079788208008, 9.648420333862305, 9.861703872680664, 9.957342147827148, 10.026256561279297, 10.082338333129883, 10.130504608154297, 10.172903060913086, 10.211338996887207, 10.24649429321289, 10.279109001159668, 10.084485054016113, 10.198025703430176, 10.259174346923828, 10.304452896118164, 10.341349601745605, 10.373103141784668, 10.401519775390625, 10.427597045898438, 10.451889038085938], "batch_size": 32, "max_epochs": 3, "max_iters": 1000, "eval_iters": 100, "eval_interval": 100, "learning_rate": 0.00022549910637936554, "grad_accum_steps": 2, "weight_decay": 0.03664591535925865}